<?xml version="1.0"?>
<!DOCTYPE hibernate-mapping PUBLIC "-//Hibernate/Hibernate Mapping DTD 3.0//EN"
"http://hibernate.sourceforge.net/hibernate-mapping-3.0.dtd">
<!-- Generated May 15, 2014 2:34:38 PM by Hibernate Tools 3.4.0.CR1 -->
<hibernate-mapping>
    <class name="Models.Klijent" table="tblKlijenti">
        <id name="id" type="long">
            <column name="id" />
            <generator class="native" />
        </id>
        <property name="_imeIPrezime" type="java.lang.String">
            <column name="imeIPrezime" />
        </property>
        <property name="_adresa" type="java.lang.String">
            <column name="adresa" />
        </property>
        <property name="_brojTelefona" type="java.lang.String" access="field">
            <column name="telefon" />
        </property>
        <property name="_email" type="java.lang.String" access="field">
            <column name="email" />
        </property>
    </class>
</hibernate-mapping>
