<?xml version="1.0"?>
<!DOCTYPE hibernate-mapping PUBLIC "-//Hibernate/Hibernate Mapping DTD 3.0//EN"
"http://hibernate.sourceforge.net/hibernate-mapping-3.0.dtd">
<!-- Generated May 15, 2014 2:34:38 PM by Hibernate Tools 3.4.0.CR1 -->
<hibernate-mapping>

    <class name="Models.Zahtjev" table="tblZahtjevi">
        <id name="id" type="long" access="field">
            <column name="id" />
            <generator class="native" />
        </id>

        <property name="_klijentId" type="long" access="field">
            <column name="klijent_id" />
        </property>
        <property name="_tipUredaja" type="java.lang.String" access="field">
            <column name="tipUredjaja" />
        </property>
        <property name="_garancija" type="boolean" access="field">
            <column name="garancija" />
        </property>
        <property name="_komentar" type="java.lang.String" access="field">
            <column name="komentar" />
        </property>
        <property name="_datumZatvaranja" type="java.sql.Date" access="field">
            <column name="datumZatvaranja" />
        </property>
        <property name="_datumOtvaranja" type="java.sql.Date" access="field">
            <column name="datumOtvaranja" />
        </property>
        <property name="_zaposlenikId" type="long" access="field">
            <column name="zaposlenik_id" />
        </property>
        <property name="_status" type="java.lang.String" access="field">
            <column name="status" />
        </property>
        <property name="_prioritet" type="int" access="field">
            <column name="prioritet" />
        </property>
        <property name="_cijena" type="double">
            <column name="cijena" />
        </property>
    </class>
</hibernate-mapping>
