<?xml version="1.0"?>
<!DOCTYPE hibernate-mapping PUBLIC "-//Hibernate/Hibernate Mapping DTD 3.0//EN"
"http://hibernate.sourceforge.net/hibernate-mapping-3.0.dtd">
<!-- Generated May 15, 2014 2:34:38 PM by Hibernate Tools 3.4.0.CR1 -->
<hibernate-mapping>
    <class name="Models.Zalba" table="tblZalbe">
        <id name="id" type="long">
            <column name="id" />
            <generator class="native" />
        </id>
        <property name="_zaposlenikId" type="long" access="field">
            <column name="zaposlenik_id" />
        </property>
        <property name="_komentar" type="java.lang.String" access="field">
            <column name="komentar" />
        </property>
        <property name="_datumPodnosenja" type="java.sql.Date" access="field">
            <column name="datumPodnosenja" />
        </property>
        <property name="_klijentId" type="long" access="field">
            <column name="klijent_id" />
        </property>
    </class>
</hibernate-mapping>
