<?xml version="1.0"?>
<!DOCTYPE hibernate-mapping PUBLIC "-//Hibernate/Hibernate Mapping DTD 3.0//EN"
"http://hibernate.sourceforge.net/hibernate-mapping-3.0.dtd">
<!-- Generated May 20, 2014 3:24:38 PM by Hibernate Tools 3.4.0.CR1 -->
<hibernate-mapping>
    <class name="Models.Zaposlenik" table="tblzaposlenici">
        <id name="id" type="long">
            <column name="id" />
            <generator class="native" />
        </id>
        <property name="_imeIPrezime" type="java.lang.String">
            <column name="imeIPrezime" />
        </property>
        <property name="_brojTelefona" type="java.lang.String" access="field">
            <column name="telefon" />
        </property>
        <property name="_email" type="java.lang.String" access="field">
            <column name="email" />
        </property>
        <property name="_adresaStanovanja" type="java.lang.String" access="field">
            <column name="adresa" />
        </property>
        <property name="_korisnickoIme" type="java.lang.String" access="field">
            <column name="korisnickoIme" />
        </property>
        <property name="_korisnickaSifra" type="java.lang.String" access="field">
            <column name="sifra" />
        </property>
        <property name="_privilegija" type="java.lang.String" access="field">
            <column name="privilegija" />
        </property>
		<property name="_status" type="java.lang.Boolean">
            <column name="status" />
        </property>
        <property name="_datumRodjenja" type="java.sql.Timestamp">
            <column name="datumRodjenja" />
        </property>
        
    </class>
</hibernate-mapping>
