<?xml version="1.0" encoding="UTF-8"?>
<!DOCTYPE hibernate-configuration PUBLIC "-//Hibernate/Hibernate Configuration DTD 3.0//EN"
                                         "http://hibernate.sourceforge.net/hibernate-configuration-3.0.dtd">
<hibernate-configuration>
 <session-factory name="">
  <property name="hibernate.connection.driver_class">com.mysql.jdbc.Driver</property>
  <property name="hibernate.connection.password">root</property>
  <property name="hibernate.connection.url">jdbc:mysql://localhost/HaJskontacemo</property>
  <property name="hibernate.connection.username">root</property>
  <property name="hibernate.dialect">org.hibernate.dialect.MySQLDialect</property>
  <property name="hibernate.hbm2ddl.auto">update</property>
  <mapping resource="Models/Zaposlenik.hbm.xml"/>
  <mapping resource="Models/Klijent.hbm.xml"/>
  <mapping resource="Models/Zahtjev.hbm.xml"/>
  <mapping resource="Models/Zalba.hbm.xml"/>
 </session-factory>
</hibernate-configuration>
